Stock1,Stock2,Lag,Corr,Freq%,AvgGap,WinRate,AvgProfit,FreqSame%,Score
AVGO,SAP,1,-0.2006687173001138,71.875,3.662747689299945,78.57142857142857,2.4977782729900104,31.91489361702128,19.47589810781954
PLTR,DASH,1,-0.0768765556639531,76.47058823529412,5.050620923491968,78.78787878787878,3.3630134944877668,36.17021276595745,19.06664837243615
GRMN,SNOW,1,-0.1310330360451964,78.125,3.826492087312334,79.41176470588235,1.12345866652502,36.17021276595745,19.04569880788291
PLTR,SPOT,1,-0.1914309171564255,64.70588235294117,5.316922906231604,75.55555555555556,3.081607745891799,31.91489361702128,18.32417248457191
6701.T,IFX.DE,1,-0.0872244107563315,67.56756756756756,3.686571446167141,74.35897435897436,2.1516047537440004,30.851063829787236,18.274622813632483
NET,EBAY,1,-0.2291963362958098,66.66666666666666,3.9981555531504136,79.48717948717949,2.5758787892988297,38.297872340425535,17.969753079818005
VEEV,NET,1,-0.089811979106559,80.43478260869566,3.6053786067506026,70.37037037037037,1.322050513546764,30.851063829787236,17.926399047152845
HOOD,1024.HK,1,0.0348788394759184,78.37837837837837,5.02300153199975,70.58823529411765,3.229243033773885,31.91489361702128,17.909174297480416
SNOW,SAP,1,-0.0478111908218929,70.58823529411765,3.2262280675083286,73.80952380952381,1.941080345777076,32.97872340425532,17.80791293625635
6857.T,2317.TW,1,-0.1905167094520915,65.71428571428571,5.090734225021297,75.0,3.5862235219235017,34.04255319148936,17.79762107168755
NVDA,INTU,1,-0.189612779470707,68.57142857142857,3.517085666483354,75.67567567567568,2.4526329217008045,35.1063829787234,17.737991558880708
PANW,KLAC,1,-0.0249767236308219,74.35897435897436,3.829533870091828,72.22222222222221,1.9604403682438245,32.97872340425532,17.654883809817495
TCEHY,2317.TW,1,-0.0820586262354384,71.42857142857143,3.237694300780002,68.75,1.387280971805248,27.659574468085108,17.603749577542775
HOOD,PLTR,1,-0.2585470617301822,70.27027027027027,6.903373057981545,74.28571428571429,4.157601886882775,36.17021276595745,17.547669523410125
CDNS,DELL,1,0.0011684194148827,64.86486486486487,3.757245218008728,75.0,1.6925448442229083,34.04255319148936,17.539079808792927
ASML,AVGO,1,-0.1900278760791323,75.0,3.8556559940021153,72.72727272727273,1.3107305512994862,34.04255319148936,17.48702372082319
DASH,UBER,1,-0.2074857321117063,64.70588235294117,4.031428113747795,74.4186046511628,2.196209260756219,34.04255319148936,17.375557919358133
GOOG,NET,1,-0.0682298651247611,76.92307692307693,3.7650260544498826,74.07407407407408,2.016096234375362,37.234042553191486,17.36380850915301
NET,CRWV,1,-0.1236341110374506,62.96296296296296,8.590499336391138,75.55555555555556,2.2880486830622835,36.17021276595745,17.356402952620428
SNOW,COIN,1,-0.1391558234941097,61.76470588235294,5.318719280104693,73.91304347826086,2.053039021393679,32.97872340425532,17.353552087600953
AVGO,FTNT,1,-0.0796128010810515,65.625,4.20694856165071,75.60975609756098,1.908284476977341,36.17021276595745,17.29929240997182
HOOD,COIN,1,-0.2040198236945375,62.16216216216216,6.766345161350926,71.73913043478261,4.117377681171432,31.91489361702128,17.28189992094466
CRWV,2317.TW,1,-0.1277080418543316,68.18181818181817,9.135713299582992,65.625,10.65431374962354,29.78723404255319,17.263662850675274
6701.T,DSY.PA,1,-0.2159250362448616,62.16216216216216,3.203009776142302,70.2127659574468,2.0715882083105708,28.723404255319156,17.19421514606244
EA,RDDT,1,0.0693189236901178,65.0,4.307018472118629,71.42857142857143,1.4239450589574476,31.91489361702128,17.063814212543814
XYZ,DELL,1,-0.0447189651851067,65.625,4.987498503768439,75.0,2.544515594041805,37.234042553191486,17.004494194698616
SNOW,FTNT,1,0.1518332631473279,67.64705882352942,3.429359522790853,73.17073170731707,1.6755718354837266,35.1063829787234,17.00085317988227
NVDA,PYPL,1,-0.0846275945084326,68.57142857142857,3.762908549754815,73.68421052631578,2.5186495211294995,36.17021276595745,16.998740670650143
6701.T,ADYEN.AS,1,-0.0589170243048637,67.56756756756756,3.400185654064583,71.42857142857143,2.1427647852894585,32.97872340425532,16.982619848339926
HOOD,DELL,1,-0.0818022912645867,64.86486486486487,5.95955179603516,72.5,4.47544439307068,35.1063829787234,16.977806445014515
INTU,KLAC,1,-0.1015101076554235,76.31578947368422,3.4148806379099157,69.44444444444444,1.6801138369532218,32.97872340425532,16.94837590803983
7974.T,ADYEN.AS,1,-0.0807552841371389,68.29268292682927,3.635625428407531,69.04761904761905,2.2655092756947663,30.851063829787236,16.871754762489157
MSFT,SAP,1,-0.0692199069467644,67.56756756756756,2.2643669226765595,71.42857142857143,1.4268156910582477,32.97872340425532,16.851400709620883
TEL,TXN,1,-0.12238674762092,64.70588235294117,3.34957847943438,74.35897435897436,1.3811290080829235,36.17021276595745,16.78823789850296
NVDA,NET,1,-0.0446802192539576,77.14285714285715,4.474290902561861,74.07407407407408,2.5717728584960944,40.42553191489361,16.757516174487893
NET,XYZ,1,-0.0832773375402568,70.37037037037037,5.313762936032562,78.125,2.266325547329293,43.61702127659575,16.714038720551017
BKNG,ASML,1,-0.2036941825537394,70.73170731707317,3.366040712374749,68.29268292682927,1.641296843128593,30.851063829787236,16.712975238515
KLAC,INTU,1,-0.2481527192939109,66.66666666666666,3.691314084930328,72.97297297297297,2.4106975885096125,36.17021276595745,16.619996493852128
ASML,TEL,1,-0.0911677696373552,70.0,3.075642134334247,71.42857142857143,1.936637277700888,35.1063829787234,16.61629567048091
HOOD,INTU,1,-0.1339801210629262,70.27027027027027,4.58611476852652,70.27027027027027,4.127302404000332,35.1063829787234,16.598147167213185
GRMN,VEEV,1,-0.0691168999033962,62.5,2.601438154833829,72.3404255319149,1.3697970201206051,34.04255319148936,16.544587015471812
1024.HK,2317.TW,1,-0.1692184169503405,70.58823529411765,4.874003935976296,68.75,2.7059417868605875,32.97872340425532,16.54203183898373
INTU,ADI,1,-0.1397378037614875,65.78947368421053,2.964353186757303,69.76744186046511,1.4807356423192612,31.91489361702128,16.539374564807186
DELL,2317.TW,1,0.0037224852566418,61.53846153846154,3.910926326660925,71.875,2.1591658601973385,34.04255319148936,16.51853711771325
PLTR,DELTA.BK,1,0.2084037587499748,58.82352941176471,5.258530627759526,71.875,2.5118725495013283,34.04255319148936,16.50100476367395
NET,FTNT,1,0.0050881776668094,62.96296296296296,4.176395453101417,75.60975609756098,2.299748088483148,39.361702127659576,16.469086371060214
HOOD,DELTA.BK,1,0.1608081085210553,62.16216216216216,5.8444097355850415,68.75,3.2237737486374667,31.91489361702128,16.424759568197043
TEL,ADSK,1,-0.1683575562512596,64.70588235294117,2.8238654891397297,73.17073170731707,1.383359481952621,36.17021276595745,16.422766594796098
HOOD,SHOP,1,0.0597001747899756,67.56756756756756,5.797827955962803,69.04761904761905,3.7395174738472106,34.04255319148936,16.40067335515213
NVDA,META,1,-0.0552363460141103,62.85714285714285,3.741132709884104,71.11111111111111,2.15385683231315,34.04255319148936,16.368947696756372
2317.TW,ZS,2,0.2771568410959487,70.96774193548387,3.366906799708611,74.28571428571429,2.170587176737164,32.25806451612903,18.245032327209383
DELL,NET,2,-0.0203423734548022,74.35897435897436,4.269198603191142,76.92307692307693,2.0808133923214625,37.634408602150536,17.93538466838725
IFX.DE,NET,2,-0.0454377705723004,78.94736842105263,4.308474594201952,73.07692307692307,1.9342513561372603,34.40860215053764,17.882150788067737
2317.TW,DDOG,2,0.189722396846875,67.74193548387096,3.652230537051929,70.73170731707317,2.2044096582592068,30.107526881720432,17.53547792207105
6857.T,NET,2,-0.1599500451740925,76.47058823529412,5.763508551842027,76.92307692307693,3.3049855842824902,40.86021505376344,17.50557372564098
UBER,ADYEN.AS,2,-0.193139821579488,75.0,3.649686707868749,66.66666666666666,2.003765255347879,26.881720430107524,17.489693646553008
6701.T,DASH,2,-0.1305540521127879,67.56756756756756,4.062273234258488,75.75757575757575,2.590605923467967,36.55913978494624,17.425690663341022
ORCL,688256.SS,2,-0.2467553753731659,61.76470588235294,4.187218741293672,73.33333333333333,2.831746492442728,32.25806451612903,17.347985890971913
CRWV,CDNS,2,-0.027055966175909,72.72727272727273,7.67581566939176,66.66666666666666,8.009274966631562,31.18279569892473,17.221754917782366
DELL,BKNG,2,-0.0520361463249128,69.23076923076923,3.71995271714184,70.0,3.071908537563386,32.25806451612903,16.97081403324505
XYZ,PLTR,2,0.0246494198371554,71.875,5.110481860609637,74.28571428571429,2.1364505030108005,38.70967741935484,16.86671674300337
NET,FTNT,2,-0.0513863501836571,66.66666666666666,4.287813995362607,75.0,2.477568972774925,38.70967741935484,16.696672264723613
PLTR,NET,2,-0.1459458937992901,79.41176470588235,5.801498666349678,73.07692307692307,3.715809155183916,40.86021505376344,16.685890892980495
DELL,ZS,2,0.0434824818331909,69.23076923076923,3.684611860451149,71.42857142857143,2.6912893041647044,35.483870967741936,16.62430338105837
6701.T,TXN,2,-0.1313242621967748,64.86486486486487,3.957857134688646,71.7948717948718,2.219288258467514,34.40860215053764,16.601577986412067
DELL,SHOP,2,0.0058305477308763,64.1025641025641,4.792564655259794,70.73170731707317,2.154430492927484,33.33333333333333,16.57456086154352
NET,CRWD,2,-0.1151407408331441,62.96296296296296,4.216090628381281,75.60975609756098,2.064407763122336,38.70967741935484,16.561179704069204
XYZ,ANET,2,-0.0503077799633714,75.0,5.321648064261419,74.19354838709677,1.934904201996604,40.86021505376344,16.53041560327764
IFX.DE,SHOP,2,0.0120204842095559,65.78947368421053,4.670360337284397,68.29268292682927,2.12843824715666,31.18279569892473,16.490342036831187
SNOW,ADYEN.AS,2,-0.1997061651508351,73.52941176470588,4.107081927937653,69.04761904761905,2.097900906737752,34.40860215053764,16.38579651058433
SNPS,PLTR,2,0.0701071110873096,74.35897435897436,4.374762446271816,68.57142857142857,1.5919861633346677,34.40860215053764,16.34575690080129
ADYEN.AS,NET,2,-0.3165116249786582,78.57142857142857,4.739343470404487,69.23076923076923,2.383657304424933,36.55913978494624,16.30809015108508
ANET,GOOG,2,0.0094616117329741,70.96774193548387,3.563650991445249,71.7948717948718,2.2305449689807584,37.634408602150536,16.292590023609236
CRWV,FTNT,2,-0.1220078327765091,65.9090909090909,8.92228869073413,65.0,9.20250406217989,32.25806451612903,16.23383907970303
DELL,MSTR,2,-0.1297162814447419,66.66666666666666,5.359283271523725,69.23076923076923,2.517834573286144,34.40860215053764,16.113935031431403
CRWV,AMD,2,-0.0674253483709189,68.18181818181817,9.227100803381774,64.86486486486487,8.791058595655347,33.33333333333333,16.091574948588644
PLTR,MSTR,2,-0.2216049014197299,70.58823529411765,6.681650298545653,69.23076923076923,3.750802886996617,36.55913978494624,16.049111836702803
PLTR,NVDA,2,-0.1113902956185104,73.52941176470588,5.28729240739504,69.44444444444444,3.5254782362852897,37.634408602150536,15.995172164147428
CRWV,IFX.DE,2,-0.1320834142360172,63.63636363636363,8.676359939380605,64.1025641025641,8.419457557991082,31.18279569892473,15.98788054616394
AVGO,8035.T,2,-0.3425406586034573,68.75,4.839485777834823,69.04761904761905,2.5211260427421456,35.483870967741936,15.87286248240331
ZS,ADYEN.AS,2,-0.1146595674669972,72.22222222222221,3.697797280523836,66.66666666666666,2.100834966977843,34.40860215053764,15.649284273577358
HOOD,GOOG,2,-0.0155921283743091,64.86486486486487,4.620977697638605,69.23076923076923,3.7741835886759576,36.55913978494624,15.633050711511444
ANET,NET,2,-0.0321548167272301,77.41935483870968,4.818153010528952,73.07692307692307,1.711346375984978,44.08602150537634,15.612256785485252
0981.HK,RDDT,2,0.1341238935539887,66.66666666666666,5.5346271771158895,68.29268292682927,1.6476931990250745,35.483870967741936,15.608334919955102
MELI,SNPS,2,-0.0444668655395245,68.42105263157895,3.636782016144892,68.42105263157895,1.5059754554862756,35.483870967741936,15.599495185327411
DELTA.BK,BKNG,2,-0.1709360942627167,65.625,4.921896871622175,62.5,3.865620003171767,29.03225806451613,15.506516353459906
DASH,CRWD,2,-0.1313219292472361,63.63636363636363,4.123587855565034,70.73170731707317,1.9985457314629531,37.634408602150536,15.489761648456447
AVGO,NET,2,0.0314188087832238,75.0,4.228726347850727,73.07692307692307,2.0077438760018254,44.08602150537634,15.472649884852272
DELL,COIN,2,0.0174787368527353,58.97435897435898,5.669456686581581,67.3913043478261,2.42983658039242,33.33333333333333,15.397205173988333
ANET,COIN,2,-0.0685260070074789,61.29032258064516,5.8673939410827165,69.56521739130434,2.30570478584844,36.55913978494624,15.39359482244965
ADYEN.AS,TSLA,2,-0.2940977087794348,66.66666666666666,5.39616611199939,65.11627906976744,2.016609095049695,32.25806451612903,15.372837906580944
ADYEN.AS,SHOP,2,-0.2388722194246388,66.66666666666666,5.189756597551258,65.85365853658537,2.149407414979293,33.33333333333333,15.351828141928028
MU,FTNT,2,-0.093893417322842,65.78947368421053,4.750181091632814,67.5,2.6650062033958246,35.483870967741936,15.33313380688919
ANET,6701.T,2,-0.1838911740244206,67.74193548387096,4.607998749675088,70.27027027027027,2.8026616420203854,39.784946236559136,15.23603325637921
6857.T,688256.SS,2,-0.0985024424756018,61.76470588235294,5.042289372696581,68.88888888888889,2.671503353571619,36.55913978494624,15.225520507495684
DELL,FTNT,2,-0.027433342219754,64.1025641025641,4.16537725131705,67.5,2.722625179403937,35.483870967741936,15.218282910320546
NET,6561.T,2,-0.3197989096267443,51.85185185185185,4.56766085410128,72.3404255319149,2.4100548730301963,37.634408602150536,15.17768928602383
SPOT,HOOD,2,-0.1141959983646573,70.45454545454545,5.312668075515758,63.1578947368421,2.419587642835591,32.25806451612903,15.16609025955707
0981.HK,DASH,2,0.2640115521016681,69.6969696969697,3.5357152571473005,69.6969696969697,1.4321800467810963,39.784946236559136,15.137963738107333
MU,NET,2,-0.0431283373329496,73.68421052631578,5.087293387105405,69.23076923076923,2.424123774997156,40.86021505376344,15.119303589663716
AVGO,LRCX,3,-0.3217592284773518,81.25,4.53272831268507,77.77777777777779,2.355531026867706,32.608695652173914,19.706888097639517
IFX.DE,LRCX,3,-0.0133247392531003,78.37837837837837,3.9061400366136776,72.22222222222221,1.839666568649668,28.26086956521739,18.97261940893284
EA,PYPL,3,-0.115291605530582,74.35897435897436,2.822923497191574,72.97297297297297,1.2544786117932918,30.434782608695656,18.287963658462377
MRVL,LRCX,3,-0.3405337999915369,76.19047619047619,5.6519200802038885,69.44444444444444,3.574078998489195,29.347826086956523,17.9926994138994
CSCO,DSY.PA,3,0.0735972697416268,61.53846153846154,2.24370877034034,71.73913043478261,1.2079167169690264,27.173913043478255,17.86734679417548
NET,TCEHY,3,-0.1317636279774341,70.37037037037037,3.7413685866041537,75.60975609756098,2.4787260655872507,35.869565217391305,17.69481086518544
MRVL,KLAC,3,-0.2856382604393924,73.80952380952381,5.470776168893763,69.44444444444444,3.5524579976994755,30.434782608695656,17.597249269478553
MELI,TEAM,3,-0.2091873234385455,65.78947368421053,4.121365299115202,71.11111111111111,1.7636299214235347,29.347826086956523,17.55351521861654
PANW,NET,3,-0.2657882334088622,79.48717948717949,4.338364495113448,73.07692307692307,1.9291428994881328,35.869565217391305,17.528909089424516
AVGO,NXPI,3,-0.2754840211453241,65.625,4.869633267077687,73.33333333333333,2.095995853111884,32.608695652173914,17.472658287777648
AVGO,CDNS,3,-0.288097568829342,75.0,4.406131934907279,74.28571428571429,2.627600954264882,36.95652173913043,17.392193898010866
SNOW,TCEHY,3,-0.1292222629000781,67.64705882352942,3.15457244279216,73.17073170731707,1.6727395888510193,33.69565217391305,17.226954762638364
MELI,CDNS,3,-0.1336940531086374,73.68421052631578,3.0949846430719967,71.42857142857143,1.465843946926582,33.69565217391305,17.11537685017862
ORCL,DSY.PA,3,0.0296824903882176,55.88235294117647,3.206193308997687,73.91304347826086,2.22578786369644,32.608695652173914,17.01253451263537
ANET,6561.T,3,0.0350418200333235,61.29032258064516,3.8731060318880415,72.3404255319149,2.511589415723134,32.608695652173914,16.994982210955285
ANET,DSY.PA,3,-0.0944462997412218,58.06451612903226,4.054464912513226,73.91304347826086,2.791784590203813,33.69565217391305,16.97468773799561
ANET,SU.PA,3,-0.3341534954429023,64.51612903225806,4.664179331191278,72.3404255319149,3.120292642289062,33.69565217391305,16.958989688784612
NET,SAP,3,-0.2280615139466433,66.66666666666666,4.044075968313283,73.80952380952381,2.770111641929809,36.95652173913043,16.732233035921354
AVGO,AMZN,3,-0.2085369279057797,68.75,3.9776924820182455,71.42857142857143,2.4783515827879588,34.78260869565217,16.674892313541026
HOOD,LRCX,3,-0.2018622526567685,72.97297297297297,5.204545760972498,69.44444444444444,4.366303769267228,34.78260869565217,16.655724054438465
HOOD,TEL,3,-0.1085720918612816,75.67567567567568,4.159745711479944,69.6969696969697,4.407827940111843,35.869565217391305,16.633846165995877
HOOD,6561.T,3,-0.0994723757509675,62.16216216216216,5.377911416515092,68.08510638297872,4.513421384096442,30.434782608695656,16.609001514807048
8035.T,SONY,3,-0.1313884805309933,64.28571428571429,3.224519296120348,65.95744680851064,2.0815834131811912,27.173913043478255,16.53599134010736
DASH,AMZN,3,-0.1672487285506728,66.66666666666666,3.617636393628744,71.42857142857143,2.4597225954736084,34.78260869565217,16.530964198546105
CSCO,SU.PA,3,-0.1962231736540285,64.1025641025641,2.737273437684453,68.08510638297872,1.2969258170929192,29.347826086956523,16.499404933259257
AVGO,KLAC,3,-0.2824186782944894,71.875,4.801899299628531,72.22222222222221,2.5762440909086504,38.04347826086957,16.393257739956766
NET,TXN,3,-0.1344694851908224,66.66666666666666,4.184410712270898,74.35897435897436,2.20059076387483,39.130434782608695,16.37000395953788
AVGO,MU,3,-0.3389641597730212,71.875,5.283445416293161,71.05263157894737,2.84844798694175,36.95652173913043,16.35193321847743
ADYEN.AS,2317.TW,3,-0.1460865807700628,64.28571428571429,3.736160384985945,68.75,1.889127747083538,31.521739130434785,16.327977108469483
AVGO,TXN,3,-0.2800556067276349,68.75,4.560855376032127,71.7948717948718,2.439147487268586,36.95652173913043,16.29206457796376
NET,INTC,3,-0.1254769658193369,55.55555555555556,4.524759799129099,72.91666666666666,2.343227701283761,34.78260869565217,16.263162082407217
6857.T,1024.HK,3,-0.391558446644592,70.58823529411765,6.23228152937065,70.58823529411765,3.579052190060414,36.95652173913043,16.246623331342967
MRVL,ARM,3,-0.2725789079375566,71.42857142857143,6.140671141807963,65.0,3.326119280964804,30.434782608695656,16.23471734140467
NET,TEAM,3,-0.1495520882319216,59.25925925925925,4.569431663202164,73.33333333333333,2.518280150950552,36.95652173913043,16.142473901205555
ORCL,SU.PA,3,-0.1767376004426054,61.76470588235294,3.8027714528795817,70.2127659574468,2.343180464716205,33.69565217391305,16.11754856051426
6857.T,8035.T,3,-0.1746938075921121,61.76470588235294,5.758135313724539,70.73170731707317,3.23050433859313,35.869565217391305,15.958189623092728
6857.T,6701.T,3,-0.1902233065675779,67.64705882352942,4.738234900084726,70.27027027027027,3.0593474584887392,36.95652173913043,15.896700838096418
1024.HK,000660.KS,3,0.0016110443058852,64.70588235294117,4.550287785315083,66.66666666666666,2.1411070285724327,31.521739130434785,15.8888925112338
NET,IBM,3,-0.1920059765976306,66.66666666666666,3.863614682859645,72.5,2.360958019734198,39.130434782608695,15.842960399798429
NVDA,TCEHY,3,-0.1857997919142979,68.57142857142857,3.4639507064983976,68.29268292682927,2.620856517100354,34.78260869565217,15.795731949757696
MELI,SE,3,-0.2473072881946537,68.42105263157895,3.8536168989781614,68.42105263157895,1.6299010793232396,34.78260869565217,15.724732386842806
MELI,XYZ,3,-0.1687392254473647,73.68421052631578,4.175548210017651,68.75,1.7305719385763831,36.95652173913043,15.715937610266677
MSFT,2317.TW,3,-0.0784719197014454,58.333333333333336,3.0479568588714643,71.875,0.968525926824001,35.869565217391305,15.7143101504617
6701.T,8035.T,3,-0.2292385759888299,63.888888888888886,4.250655664021106,68.29268292682927,2.0714109855762315,33.69565217391305,15.708377116887148
GRMN,AAPL,3,-0.1026149890412654,68.75,3.230283793102916,70.0,1.6078371318317817,36.95652173913043,15.697611389547628
ANET,KLAC,3,-0.095452737293426,67.74193548387096,4.593282468583285,72.22222222222221,2.4797237854965024,40.21739130434783,15.666810873307586
6857.T,GOOG,3,-0.1675193083637284,67.64705882352942,4.450511813661998,69.23076923076923,3.382014531085969,36.95652173913043,15.634962204678274
KLAC,6561.T,3,-0.0215474749890916,58.333333333333336,3.6169468092490034,68.08510638297872,2.327704039248721,32.608695652173914,15.585806589012009
EA,XYZ,3,-0.0351280896622447,71.7948717948718,3.615668575299801,68.75,1.4106947405882748,36.95652173913043,15.56989195352902
SNOW,DELTA.BK,3,-0.1170619697237918,55.88235294117647,5.522090289867795,70.96774193548387,2.362579521822451,35.869565217391305,15.558000224523088
TCEHY,NOW,4,-0.2007621988807837,70.73170731707317,3.125974738552604,76.19047619047619,1.5611722972452418,23.07692307692308,20.61484059764296
0981.HK,NOW,4,-0.2328025778125664,69.6969696969697,4.219122525955364,78.57142857142857,1.8964177094946453,27.472527472527474,20.292704394475983
ASML,DELTA.BK,4,-0.3046699161690051,66.66666666666666,5.361196631963334,77.41935483870968,2.2731311876174525,27.472527472527474,19.85392595607325
NET,ADI,4,-0.0872768112970571,73.07692307692307,3.717270653555904,78.57142857142857,2.3645276009525165,32.967032967032964,19.3378756092268
6857.T,NOW,4,-0.1372863121562958,69.6969696969697,4.781599711328584,76.19047619047619,3.158680523675504,30.76923076923077,19.076801361698056
TSM,DELTA.BK,4,-0.2186511652619523,70.27027027027027,5.217152530046069,74.19354838709677,2.5096712752630044,28.57142857142857,18.993917629029323
SE,DELTA.BK,4,0.0186404327647183,60.526315789473685,4.712036129586124,77.41935483870968,2.1780289993356914,30.76923076923077,18.759987009307203
2317.TW,ORCL,4,-0.1656059880104924,77.41935483870968,4.381338174365483,73.52941176470588,2.5048896248612467,30.76923076923077,18.75378360123484
0981.HK,TSM,4,-0.3040159771795265,69.6969696969697,4.722941213477298,77.14285714285715,2.333525284035971,32.967032967032964,18.712901522359427
NET,LRCX,4,-0.1738646168250132,73.07692307692307,4.378763690378931,80.0,2.6739336367607662,38.46153846153847,18.534672624721992
0981.HK,ZS,4,-0.1967108439167486,72.72727272727273,3.9726900009498585,76.47058823529412,1.55163094096151,34.065934065934066,18.391551439209984
DASH,EA,4,0.0325270416925634,68.75,3.082707665385009,76.92307692307693,2.0701235553878,34.065934065934066,18.32785366428448
0981.HK,MSFT,4,-0.2859675135292929,75.75757575757575,3.8688381091006288,74.28571428571429,2.20525669812198,32.967032967032964,18.27055794427811
KLAC,INTU,4,-0.1175400215063338,74.28571428571429,3.415544722380158,74.28571428571429,2.713197046903676,32.967032967032964,18.249333874455576
ADYEN.AS,HOOD,4,-0.1869484924067528,70.73170731707317,4.887758436818025,72.97297297297297,1.8191247718212384,30.76923076923077,18.11694118371157
CPNG,DELTA.BK,4,-0.2025129107793919,65.85365853658537,4.778256346443112,70.96774193548387,1.920520037155691,28.57142857142857,17.743319179138084
NVDA,DELTA.BK,4,-0.2485525193701862,64.70588235294117,5.466436522664687,74.19354838709677,2.960707092241699,32.967032967032964,17.692566334340977
NET,SONY,4,-0.1431677877094967,61.53846153846154,3.6305341279474335,76.08695652173914,2.4958712210817056,34.065934065934066,17.650820565528534
ADYEN.AS,MRVL,4,-0.1162601211249719,65.85365853658537,4.391185761224843,71.42857142857143,1.9273338323698224,29.67032967032967,17.627841909899878
KLAC,PANW,4,-0.0889864732596972,71.42857142857143,3.5020886483039053,72.97297297297297,2.3682466199137204,34.065934065934066,17.4330473598497
NOW,KLAC,4,-0.1630395553414201,74.4186046511628,3.471392558756793,68.57142857142857,2.063782116657841,29.67032967032967,17.353639945528997
MSFT,1024.HK,4,-0.1893922119376425,68.57142857142857,3.715112498865324,73.52941176470588,1.401794581395026,34.065934065934066,17.28674815240173
ORCL,NTES,4,-0.0822988652681409,66.66666666666666,3.638041549870705,73.17073170731707,2.793803491734439,34.065934065934066,17.22909962672861
NVDA,PANW,4,-0.11381151909552,70.58823529411765,3.597185863097,72.97297297297297,2.489602561214832,35.16483516483517,17.141236331122368
KLAC,DELTA.BK,4,-0.2799188537523544,60.0,5.805468419991567,74.19354838709677,2.7740352634279835,34.065934065934066,17.12908990417693
1024.HK,AMZN,4,-0.1079345828192897,69.6969696969697,4.394121305498178,69.04761904761905,2.597465203717222,30.76923076923077,17.045091920692673
ANET,1024.HK,4,0.0938920850381691,63.33333333333333,4.8310782380687005,76.47058823529412,2.254370626847498,38.46153846153847,16.98504357550008
INTU,AVGO,4,-0.1520083070018379,75.0,2.9827208582751163,71.875,1.4308421573351249,35.16483516483517,16.978955062133853
INTU,EA,4,-0.0757551307276288,66.66666666666666,2.609949292710233,71.7948717948718,1.585630035572808,32.967032967032964,16.927568466583356
LRCX,DELTA.BK,4,-0.2411230409791427,63.888888888888886,5.778822561648632,70.96774193548387,2.899478163557706,32.967032967032964,16.763904500622367
ASML,1024.HK,4,-0.1906514148413424,66.66666666666666,4.480051840951826,70.58823529411765,2.119957092681126,32.967032967032964,16.711084783867605
MRVL,6857.T,4,-0.0729155238357586,70.73170731707317,6.117620946516754,68.57142857142857,3.609640834185607,32.967032967032964,16.683914776859762
ADI,DELTA.BK,4,-0.2536203509345117,65.85365853658537,5.613048160436968,67.74193548387096,2.3884831478647675,29.67032967032967,16.683451013419724
AVGO,2454.TW,4,-0.0707072489692762,54.83870967741935,3.9130085131958,71.42857142857143,1.962023591109031,30.76923076923077,16.656704640116622
XYZ,SNOW,4,-0.1231980101947256,70.96774193548387,4.591797836793584,75.0,2.7010436293571654,40.65934065934066,16.55536637942665
SAP,ZS,4,-0.1304236452332104,73.80952380952381,2.8556994241130687,67.64705882352942,1.744370878358812,31.868131868131865,16.511586110362373
NTES,INTU,4,-0.1860518033672445,69.04761904761905,2.965676361024356,68.57142857142857,2.2986666541925733,31.868131868131865,16.501894662452912
0981.HK,NVDA,4,-0.2722244534265649,69.6969696969697,4.96703275344663,71.42857142857143,2.245462687103194,36.26373626373626,16.411855695509864
6857.T,ADSK,4,-0.1330552194747736,66.66666666666666,4.324009291910196,71.7948717948718,2.834493180424264,36.26373626373626,16.38064201486479
SE,8035.T,4,-0.0285003962384951,63.1578947368421,4.19487326192941,70.0,2.187383948223062,32.967032967032964,16.35832518926551
1024.HK,8035.T,4,-0.1906416360643934,63.63636363636363,5.358256962948342,70.0,2.975136518551593,34.065934065934066,16.234528521613342
ADYEN.AS,ANET,4,-0.0583859617690247,73.17073170731707,3.8840024877115504,70.0,1.5699890518301038,36.26373626373626,16.181899791717058
PANW,6701.T,4,-0.0590705182215855,68.42105263157895,3.422494113441203,69.44444444444444,1.4303272040317203,34.065934065934066,16.17766851200399
ASML,INTU,4,-0.0294748773894866,69.23076923076923,2.9819720613993383,68.57142857142857,2.654827557553386,34.065934065934066,16.098783459850893
1024.HK,INTU,4,-0.0142613958737398,63.63636363636363,3.594193236745803,71.42857142857143,2.513902842902752,36.26373626373626,16.047058182142408
PYPL,SPOT,4,-0.0276382753805411,63.1578947368421,3.944208561943943,68.18181818181817,1.6696161870761304,31.868131868131865,16.04150500864023
NET,KLAC,4,-0.1904319827379196,69.23076923076923,4.717134469379113,74.28571428571429,2.9312986974942707,41.75824175824176,16.00958483093249
6857.T,MU,4,-0.0099373104836815,66.66666666666666,5.159950986993431,71.05263157894737,2.867132560968975,37.362637362637365,16.008191656014013
NET,CSCO,4,-0.2081758618938971,65.38461538461539,3.5374695768635624,73.68421052631578,2.5934078277320243,39.56043956043956,15.991024893233496
SNPS,UBER,4,-0.1512270382721562,68.42105263157895,3.397500203854175,66.66666666666666,2.4007530182718737,31.868131868131865,15.978734960551348
GRMN,CSU.TO,5,-0.0501380473347644,66.66666666666666,2.542355648872076,80.95238095238095,1.362126733908764,33.33333333333333,19.344780588055517
PLTR,688256.SS,5,-0.1212655990761159,65.625,4.849098364016046,76.74418604651163,3.062891560038652,30.0,19.135672197249438
6857.T,0981.HK,5,-0.197254669929371,71.875,5.298994758112189,78.78787878787878,3.06127781863003,34.44444444444444,19.105374152204703
GRMN,ORCL,5,-0.0915170594048284,76.66666666666667,3.463051518531726,79.41176470588235,1.2017632552592423,35.55555555555556,19.089730337567165
HOOD,ADP,5,-0.2907924066998841,71.42857142857143,4.217576681649974,75.0,4.005671029386209,30.0,19.049335168035796
DASH,MELI,5,-0.1209771522911462,77.41935483870968,3.389700449950582,74.35897435897436,1.759672041200406,32.22222222222222,18.543159522971585
1024.HK,NXPI,5,-0.2681443103689491,60.60606060606061,5.298642789874542,75.0,2.649776722449466,30.0,18.27056406578115
ADBE,ANET,5,-0.0108982353530782,75.60975609756098,3.891790219707795,73.33333333333333,1.1478622355110566,32.22222222222222,18.13767953282253
GRMN,ANET,5,-0.0428013137947191,73.33333333333333,4.051874747354912,80.0,1.3072308900196263,40.0,18.088213131742823
XYZ,TCEHY,5,-0.1577519162645529,66.66666666666666,4.062393735216693,75.60975609756098,2.2996562878955773,33.33333333333333,18.015719798740243
DELL,XYZ,5,-0.0381158676691195,75.67567567567568,4.106824366036891,74.19354838709677,2.134628941688009,34.44444444444444,17.98046697423217
LRCX,CSU.TO,5,0.0483779625495471,68.57142857142857,2.8598551964166923,73.80952380952381,2.272967948727057,32.22222222222222,17.888355399156573
NET,ORCL,5,-0.0395781126514953,80.0,3.81677333698516,76.47058823529412,2.0866158245847077,38.88888888888889,17.86802803303445
GRMN,688256.SS,5,-0.0621539369796649,66.66666666666666,3.403179277634196,74.4186046511628,1.3715344557091855,32.22222222222222,17.83866968918633
CDNS,CSU.TO,5,0.1111077061968927,68.57142857142857,2.4592006124181145,73.80952380952381,1.619207834826666,32.22222222222222,17.820197338069626
1024.HK,TEL,5,-0.2065059278531802,72.72727272727273,4.027969514127503,75.0,2.7101754574812555,35.55555555555556,17.767899618567604
GOOG,CSU.TO,5,0.1325499715920816,66.66666666666666,2.1488523024640016,73.80952380952381,1.3876896442378643,32.22222222222222,17.663615202687193
AMD,CSU.TO,5,-0.0095285428459712,67.64705882352942,3.5640960264989188,73.80952380952381,2.816886740172843,33.33333333333333,17.65195099720805
GRMN,ADP,5,-0.1542768546036846,63.33333333333333,2.547657263633494,77.5,1.2786743877709237,35.55555555555556,17.64199083360942
IBM,688256.SS,5,-0.2143731985488611,66.66666666666666,3.4542416838437164,69.76744186046511,1.2563160500634627,27.77777777777778,17.508770904558837
7974.T,DELTA.BK,5,-0.0487447716772563,61.53846153846154,5.005765622782284,70.96774193548387,2.199587481978919,28.88888888888889,17.47297124938383
HOOD,SNPS,5,-0.1978565394992458,71.42857142857143,4.942830006058246,72.22222222222221,3.592986366206335,34.44444444444444,17.305997842529507
XYZ,PDD,5,-0.1532425182456762,63.33333333333333,4.816272003345199,74.4186046511628,2.660961477850436,34.44444444444444,17.29655100117118
AVGO,ADP,5,-0.1377674985385548,66.66666666666666,2.9236771600528595,75.0,2.020655367548312,35.55555555555556,17.268696665992703
HOOD,ADSK,5,-0.2505090992414298,68.57142857142857,4.703163866674283,71.7948717948718,3.9124049604707736,33.33333333333333,17.258241287822003
EQIX,NVDA,5,-0.0861172839312583,70.0,3.306069510994708,71.42857142857143,1.1515874223491984,32.22222222222222,17.199637107560704
GOOG,ROP,5,-0.1549837323631193,66.66666666666666,2.4893777790871927,70.45454545454545,1.5438347405386292,30.0,17.194565169941697
IFX.DE,TSM,5,-0.2702938228761015,68.57142857142857,3.862411471743472,71.42857142857143,2.147460648309555,32.22222222222222,17.183535837127202
GRMN,FI,5,0.1212993559281345,60.0,3.043368030000269,76.19047619047619,1.0606548747615476,35.55555555555556,17.143972164237358
AVGO,ORCL,5,-0.0604582962149195,76.66666666666667,3.9336298628762174,73.52941176470588,2.3541344563797777,37.77777777777778,17.119390475950137
EQIX,ARM,5,-0.0677558021642043,70.0,3.7201560362905264,69.23076923076923,1.085330975255179,30.0,17.11436959220643
ASML,GOOG,5,-0.2932902590014511,68.42105263157895,3.715661160671639,71.05263157894737,2.1841688482037678,32.22222222222222,17.06038722689172
XYZ,2454.TW,5,-0.1811865183847535,53.333333333333336,4.81455357446444,73.17073170731707,2.302154692719296,31.11111111111111,17.009734741618207
IFX.DE,ADYEN.AS,5,-0.3053036298550829,71.42857142857143,3.8384041194824334,68.29268292682927,2.16963965684995,30.0,16.99827062118417
TXN,688256.SS,5,-0.1730904564230653,63.888888888888886,3.944265656020435,69.76744186046511,1.6012195318527112,30.0,16.898559649875633
AMD,MSFT,5,-0.1675678995995183,73.52941176470588,3.7649125123684737,71.42857142857143,3.2198058674501624,35.55555555555556,16.8864139475366
AAPL,INTU,5,-0.1920085580451013,68.42105263157895,2.661380880715072,71.42857142857143,1.3451511459145395,33.33333333333333,16.805007369074584
VEEV,688256.SS,5,-0.1611884853113794,64.28571428571429,3.606084322755944,67.44186046511628,1.819485741297904,27.77777777777778,16.793009013285364
DELL,CSU.TO,5,-0.0608309894782656,64.86486486486487,3.301439188670116,71.42857142857143,2.7122488943716,33.33333333333333,16.778641685837506
GRMN,DDOG,5,-0.0791660874882009,63.33333333333333,3.1633381530209053,75.0,1.111083786907671,36.66666666666666,16.73917127894922
SNOW,GOOG,5,-0.0657886628358386,65.625,3.646225709665111,73.68421052631578,2.2800293973606025,36.66666666666666,16.671005237676304
GRMN,META,5,-0.1648831652152393,60.0,3.840266607981612,74.4186046511628,1.5495818840612945,35.55555555555556,16.666744927440792
CDNS,MSFT,5,-0.1138117282091901,71.42857142857143,2.9322608429039585,71.42857142857143,2.3267609706737105,35.55555555555556,16.633705199669333
GRMN,ADBE,5,-0.0856851996095772,56.66666666666666,2.780285898991937,76.19047619047619,1.2648801179714584,36.66666666666666,16.627653162568397
GRMN,CDNS,5,-0.0815724774078576,66.66666666666666,3.412510843803896,76.47058823529412,1.036690218144341,40.0,16.614607230756683
CDNS,NET,5,-0.0274432595845089,80.0,3.756612699022165,72.0,1.8056849643150608,38.88888888888889,16.61085223499687
2317.TW,NTES,5,-0.3325738010380277,67.74193548387096,4.308389323862523,68.29268292682927,2.588994025325081,31.11111111111111,16.56657468476984
EA,CSU.TO,5,-0.1901112576023037,64.86486486486487,2.5638941763692027,71.42857142857143,1.310976427919568,33.33333333333333,16.566085114843148
COIN,PDD,5,-0.1681370004733902,65.9090909090909,5.21802130067409,65.11627906976744,3.9971694553991055,27.77777777777778,16.555447988720392
CDNS,GOOG,5,-0.1476721573526135,68.57142857142857,3.3466759961418617,71.05263157894737,1.817291781466003,34.44444444444444,16.55506967603511
NET,SNOW,6,-0.037311457144254,88.0,3.764943201370444,87.09677419354838,1.7128839252468886,35.95505617977528,21.93100016465491
NET,AVGO,6,-0.1648255066645175,88.0,4.421976350689343,83.87096774193549,1.9111338807183085,37.07865168539326,20.80870469109233
NET,CSU.TO,6,-0.0721522587853127,76.0,2.95551634328514,82.92682926829268,1.4965042040249816,32.58426966292135,20.69100174102398
NET,ADSK,6,-0.1048248332014494,80.0,3.2261949495398428,81.57894736842105,1.7580098447353376,33.70786516853933,20.35822476621457
6857.T,6561.T,6,-0.3016387560862327,64.51612903225806,5.287344073633933,76.08695652173914,3.221434142710481,26.96629213483146,19.55360566026699
MSFT,SNOW,6,0.0278819158154812,75.75757575757575,2.4468315936201077,80.64516129032258,0.958003793012682,34.831460674157306,19.49039261322727
NET,ZS,6,-0.100139988058157,80.0,3.801319457896963,81.81818181818183,1.4061046307339995,38.20224719101123,19.407632321274733
NET,DDOG,6,-0.047014943951627,76.0,4.14339050120116,79.48717948717949,1.930007316470588,34.831460674157306,19.349136854409387
NET,KLAC,6,-0.1305877231961896,80.0,4.410596407070575,80.0,2.1272720672150087,37.07865168539326,19.254648773982595
INTU,SNOW,6,-0.0526835016212637,76.47058823529412,3.1081488276473044,77.41935483870968,1.2219760002304405,33.70786516853933,18.93975823147749
ANET,SNOW,6,-0.0277647715243391,75.86206896551724,4.098401232093548,80.64516129032258,2.1263437159286545,38.20224719101123,18.922867340648157
NET,BKNG,6,-0.0389662844397502,76.0,3.2608801459751997,78.94736842105263,1.7684507347019045,35.95505617977528,18.889812027888052
3690.HK,0981.HK,6,-0.2221863455943367,73.80952380952381,4.319811239227582,71.875,2.179626838278921,26.96629213483146,18.8686803180328
ANET,AMZN,6,-0.109973978082884,68.96551724137932,4.325971490761516,77.5,2.730742216565869,33.70786516853933,18.670118909990173
NET,NOW,6,-0.055814084553791,72.0,3.7482288276377207,78.04878048780488,1.7138531160010355,34.831460674157306,18.649783862190645
GRMN,8035.T,6,-0.0411542479892999,70.0,3.222020049651607,76.92307692307693,1.1507249458695412,32.58426966292135,18.63724155856133
NET,INTU,6,-0.0629766865833786,76.0,3.530784024659689,79.41176470588235,2.077598016694992,38.20224719101123,18.54971009023217
NET,ROP,6,-0.0914334386912169,72.0,2.909536697311652,76.74418604651163,1.708002786405762,33.70786516853933,18.491514417735424
NET,ORCL,6,-0.0915625182667453,80.0,4.42777916504518,78.78787878787878,1.9605061308566656,39.325842696629216,18.410611938739663
NET,IBM,6,-0.0023582134324708,72.0,3.2609655307120398,78.94736842105263,1.7672698331789631,37.07865168539326,18.386956437735563
PANW,SNOW,6,0.0005278690953296,77.77777777777779,3.489177658306648,74.19354838709677,1.4055157335572876,33.70786516853933,18.18966731935809
NVDA,LRCX,6,-0.1114045116601955,75.75757575757575,3.766636100733589,74.28571428571429,2.195099838111104,33.70786516853933,18.145749738033743
NET,UBER,6,-0.0889933103839248,68.0,3.884806647653816,78.04878048780488,1.7789578629556917,35.95505617977528,18.141189952019587
ANET,CPNG,6,-0.0890010082258645,65.51724137931035,3.944410715034116,77.5,2.281532715113147,34.831460674157306,18.134940567970688
ANET,ZS,6,-0.0838400412663527,72.41379310344827,4.061415821861005,78.78787878787878,1.7612580183217617,38.20224719101123,18.134198181990257
MSTR,ARM,6,-0.0908800404842144,72.97297297297297,4.92563299872204,71.05263157894737,2.4139675603861503,30.337078651685395,17.919560625666115
CSCO,SNOW,6,-0.0177309740076441,75.0,2.6245108547759117,74.19354838709677,0.8987046142759488,33.70786516853933,17.91017612984455
MELI,TEAM,6,-0.1421084534597806,66.66666666666666,3.60374342501492,72.09302325581395,1.6588610815057565,29.21348314606741,17.892874475516887
NET,ADBE,6,-0.0402946910827018,72.0,3.586690747275033,75.60975609756098,2.459358572848138,35.95505617977528,17.796984640980654
NET,ANET,6,-0.0500758898452926,80.0,4.816489099733492,79.3103448275862,1.6559636837687983,42.69662921348314,17.796253208208604
NET,ADP,6,-0.1257913837794648,72.0,3.081914388879661,76.92307692307693,1.825821140656335,37.07865168539326,17.793234727602936
MELI,TEL,6,-0.1224553933138798,75.0,2.935332625742646,74.19354838709677,1.6432441647397484,34.831460674157306,17.718562969366005
XYZ,KLAC,6,-0.1312357120197501,76.66666666666667,4.295857298099718,74.28571428571429,1.9062153581934709,35.95505617977528,17.691341701374228
AMD,0981.HK,6,-0.2310432323290751,69.6969696969697,5.348397976903276,75.0,3.364648167588108,35.95505617977528,17.60576321656707
ANET,NOW,6,0.0013823728254109,65.51724137931035,3.838715742074516,75.60975609756098,1.8825553336583136,34.831460674157306,17.594796437795594
1024.HK,DELTA.BK,6,-0.1718193385337255,62.5,5.539274162047473,73.33333333333333,1.9809828214050795,31.46067415730337,17.578326653419516
MSFT,LRCX,6,-0.043815524903927,72.72727272727273,3.084203142018771,74.28571428571429,1.0492393931993365,34.831460674157306,17.56585033123106
ADP,SNOW,6,-0.0802645097472205,78.94736842105263,2.6081798482563765,70.96774193548387,0.8558307953534606,32.58426966292135,17.510166637236864
INTU,000660.KS,6,-0.0675883114072789,61.76470588235294,3.4435121761621126,73.68421052631578,1.489620074444197,31.46067415730337,17.50176292231205
2317.TW,INTU,6,-0.2059684036340087,66.66666666666666,3.3951457519249733,73.52941176470588,1.533817079548025,32.58426966292135,17.488958579021848
AMD,000660.KS,6,-0.0027478801532775,63.63636363636363,4.299135093268544,73.68421052631578,1.9538589510322075,32.58426966292135,17.477647839667675
1024.HK,MSFT,6,-0.0158476727566451,71.875,3.004504546849072,73.52941176470588,2.127512709251798,34.831460674157306,17.41400297186828
NET,NVDA,6,-0.0868451925393506,76.0,4.462452239912474,76.47058823529412,1.9359661759671165,40.44943820224719,17.26112497084428
ASML,TEL,6,-0.1268325074421945,76.31578947368422,3.3722602798760555,70.96774193548387,2.248780272880341,33.70786516853933,17.250997786861426
ANET,ABNB,6,-0.1326183465971258,65.51724137931035,4.329203147604203,75.0,2.604390444758975,35.95505617977528,17.23416220574763
MELI,GRMN,6,-0.2294124892711398,75.0,3.2398819925435163,73.33333333333333,1.552816443177399,35.95505617977528,17.20596633561258
NET,SAP,6,-0.059585513967373,68.0,3.434876890605554,75.60975609756098,1.785023398736007,37.07865168539326,17.203846465678637
PANW,ANET,6,-0.1789896132699402,77.77777777777779,4.463473194954994,72.41379310344827,1.372960136222266,35.95505617977528,17.19070854827514
2317.TW,8035.T,6,-0.020283743763752,63.33333333333333,3.82216848159476,71.7948717948718,1.6540549609148254,31.46067415730337,17.132540615499344
NET,SE,6,-0.0006696497375351,76.0,4.300195567353794,75.0,1.7003563397899948,39.325842696629216,17.101546651927293
PLTR,TEL,7,-0.2125664845887261,77.41935483870968,4.478893711323893,83.33333333333334,3.206037869640636,35.22727272727273,20.5088810568148
PLTR,HOOD,7,-0.2044794663789656,77.41935483870968,6.210195829934129,80.0,3.2813958246681056,31.818181818181817,20.45558467613452
NET,DELTA.BK,7,-0.2023964569317439,75.0,5.794006900783611,80.0,2.239875291162406,31.818181818181817,20.17393793940828
6701.T,2317.TW,7,-0.070345670101322,69.6969696969697,3.670598075598405,78.125,1.6335004365374848,28.40909090909091,19.95016746391338
EA,1024.HK,7,-0.0146206726652194,71.42857142857143,3.423105339707312,78.78787878787878,1.1353858585267045,29.545454545454547,19.94246970465164
1024.HK,ADI,7,-0.1770662309467707,75.0,3.901131047153608,75.0,2.877565086590443,27.27272727272727,19.79775621114273
XYZ,2454.TW,7,-0.2533291328926351,55.172413793103445,4.622328560255138,80.0,2.1706699451591573,28.40909090909091,19.572679352989468
PLTR,TSLA,7,-0.2511520933083668,70.96774193548387,6.10921662600816,77.5,3.09870507583798,30.681818181818183,19.56825864812177
SE,2454.TW,7,-0.2852295744353413,58.333333333333336,3.989189136338911,75.0,2.372337032766687,25.0,19.149921693790564
GRMN,SNPS,7,-0.0755406662573777,75.86206896551724,3.2186176006444174,79.41176470588235,1.4498308280208272,35.22727272727273,19.12827369285343
PLTR,MU,7,-0.243345483189024,70.96774193548387,5.897527609645273,77.77777777777779,3.614424369542577,34.090909090909086,18.92073637880033
TEL,META,7,-0.1193569450845179,70.0,2.8847693928831206,76.19047619047619,1.462861533480353,30.681818181818183,18.85667332456581
TEL,GOOG,7,-0.1026050732513275,73.33333333333333,2.5320623455306603,77.77777777777779,1.0365156258160877,34.090909090909086,18.68713929481504
MELI,PYPL,7,-0.1387986931285989,77.77777777777779,2.9732199062470133,73.52941176470588,1.4230445631960889,30.681818181818183,18.62553051096218
GRMN,GOOG,7,-0.1251321014070625,72.41379310344827,2.7549073399838337,77.77777777777779,1.0881649720894695,35.22727272727273,18.381799613297865
TXN,CDNS,7,-0.0944650385986094,74.28571428571429,3.364418025634519,75.0,1.8522960639385788,32.95454545454545,18.36627132335967
NFLX,XYZ,7,-0.2235070130425102,83.33333333333334,4.03648190856106,72.41379310344827,2.005049507623652,32.95454545454545,18.256551660445947
TEL,MRVL,7,-0.112933558223105,70.0,4.257146017827334,75.0,1.7320157544035546,32.95454545454545,18.11522942054764
MELI,AAPL,7,-0.1210416279071299,72.22222222222221,2.8378732947063177,72.97297297297297,1.2882795335069626,30.681818181818183,18.096038091514476
ZS,DELTA.BK,7,-0.2254185678853618,66.66666666666666,5.187124618151014,73.33333333333333,2.122448442778363,30.681818181818183,18.006201878107824
6701.T,DASH,7,-0.1684639649487825,78.78787878787878,3.766068851792432,74.19354838709677,2.390205017516421,35.22727272727273,17.979297918007717
SPOT,DASH,7,-0.2115402545574341,75.60975609756098,4.23823568251028,70.96774193548387,2.499089516374592,30.681818181818183,17.93100125345012
EQIX,CDNS,7,-0.0795047405251065,76.31578947368422,2.853169866006148,71.875,1.4433281276959526,31.818181818181817,17.832187909124062
TXN,SNPS,7,-0.107504269128047,71.42857142857143,3.5531191324451425,73.52941176470588,1.8888417273473648,32.95454545454545,17.785649106225318
PLTR,TXN,7,-0.064011546575026,67.74193548387096,4.574960966740056,75.67567567567568,2.7450666386902878,35.22727272727273,17.773551790523964
ORCL,ANET,7,0.0012297206493311,80.0,4.240144135788492,75.86206896551724,1.883941422869737,38.63636363636363,17.769626669590387
TXN,KLAC,7,-0.0876020871866076,71.42857142857143,3.529827100997576,73.52941176470588,1.6710249950430258,32.95454545454545,17.7681759314564
PLTR,EBAY,7,-0.114019803593828,67.74193548387096,4.065616247253902,75.67567567567568,3.051753842719782,35.22727272727273,17.765001004272435
PLTR,AAPL,7,-0.1424014974920182,67.74193548387096,4.416102818785387,75.67567567567568,2.775497370914541,35.22727272727273,17.747094719846483
MSFT,2317.TW,7,-0.1076414926672011,65.625,2.9553851881929933,75.0,1.504480336177506,32.95454545454545,17.744468155271193
TXN,SE,7,-0.1228290182473591,74.28571428571429,3.950950021467164,71.42857142857143,1.7059919124554923,31.818181818181817,17.64670637463855
TXN,NTES,7,-0.056705482482761,68.57142857142857,3.156662789226013,71.7948717948718,1.631065050135087,30.681818181818183,17.60266914661556
EQIX,1024.HK,7,-0.1743670607596145,73.68421052631578,3.789926997417666,69.6969696969697,1.4569118381365296,29.545454545454547,17.595649670125567
PLTR,KLAC,7,-0.1313577199328521,67.74193548387096,4.708506871700758,76.47058823529412,3.043443984309904,37.5,17.49878394019199
NET,2317.TW,7,-0.1399142683706555,70.83333333333334,4.516513367304031,75.0,2.5167598593564504,36.36363636363637,17.4863737153474
ORCL,KLAC,7,-0.0083356178562657,70.0,3.3014629053437634,76.47058823529412,1.5492482286719484,37.5,17.459617437929793
PLTR,6857.T,7,-0.2466917353804653,77.41935483870968,6.239619922852321,72.72727272727273,3.4247729926720782,36.36363636363637,17.437057950878145
PLTR,DSY.PA,7,-0.099373327874147,64.51612903225806,4.102940512841895,72.09302325581395,3.0713504352652548,31.818181818181817,17.34499327735793
NET,000660.KS,7,-0.2258362421045348,62.5,4.822047819201101,76.31578947368422,2.502355649266057,36.36363636363637,17.29675691275289
GRMN,IFX.DE,7,-0.1836173762151484,68.96551724137932,3.374769820422732,74.28571428571429,1.5419435653458944,35.22727272727273,17.257631754721285
1024.HK,GRMN,7,-0.0911317540046409,78.125,3.7487129917749584,72.41379310344827,2.6149781844521165,36.36363636363637,17.233972157312778
GRMN,AMD,7,0.0109720260524454,72.41379310344827,3.727370244140015,75.75757575757575,1.5079462626232267,38.63636363636363,17.1872285125094
NFLX,DASH,7,-0.2267446585736025,77.77777777777779,3.4943320094689265,70.96774193548387,1.6163387135801202,34.090909090909086,17.175225733082797
TXN,PYPL,7,-0.1680589792667187,74.28571428571429,3.6060021961149697,70.58823529411765,1.8860650390948297,32.95454545454545,17.148253801597942
GRMN,NVDA,7,0.0274903215410652,72.41379310344827,3.092715860203845,75.75757575757575,1.3321209550335835,38.63636363636363,17.142455793812992
AMD,MRVL,7,-0.1256539613687573,65.625,5.741879455048702,72.5,3.295656059789467,34.090909090909086,17.114775193900428
0981.HK,UBER,7,-0.1211810927027045,62.5,3.797063596948963,73.17073170731707,1.8192453371360895,32.95454545454545,17.108131405307287
DASH,DELTA.BK,7,-0.2305836585689408,63.33333333333333,5.81761519280285,73.33333333333333,1.9599207486383048,34.090909090909086,17.036341116276304
1024.HK,PLTR,7,-0.2515052236570467,78.125,5.402281433304506,69.6969696969697,2.594587803224275,34.090909090909086,17.034746036694088
TXN,1024.HK,7,-0.0827028691235465,71.42857142857143,4.341705589475068,69.6969696969697,1.8476276383470107,31.818181818181817,17.029537654732383
NET,TXN,8,-0.3565680649955018,79.16666666666666,4.367910147128189,83.33333333333334,2.1648808229950824,33.33333333333333,20.89932737178216
6701.T,VEEV,8,-0.124677182298976,68.75,3.0710240015312045,76.19047619047619,1.819331548336288,27.58620689655172,19.515432530434783
XYZ,ADP,8,-0.1711261259906732,72.41379310344827,3.3144685113838737,78.94736842105263,1.7264374722743232,32.18390804597701,19.467351045317976
SHOP,DELTA.BK,8,0.0681838045433995,61.53846153846154,5.100104340034718,73.33333333333333,2.195680950127325,26.436781609195403,18.711714662861603
AVGO,KLAC,8,-0.1950082451217166,70.0,4.022090080253964,79.41176470588235,1.887738640042264,35.63218390804598,18.707245015415754
SNOW,GRMN,8,-0.1352149807214541,75.0,3.377352644985673,78.57142857142857,1.4950152541443658,37.93103448275862,18.22884513648749
TSM,TEL,8,-0.0507083211245971,82.35294117647058,2.8488717480713484,72.41379310344827,1.8057455664473276,33.33333333333333,18.0758076356579
NET,RDDT,8,-0.2970741857745683,66.66666666666666,5.523193897110522,77.5,2.0808893104689554,35.63218390804598,18.0311451788374
XYZ,ROP,8,-0.1933734825003794,65.51724137931035,3.3844736276714573,75.60975609756098,1.8391004935867443,33.33333333333333,17.851259639539084
AVGO,NXPI,8,-0.1956890673171997,63.33333333333333,4.414189812713964,75.60975609756098,1.907874730181713,33.33333333333333,17.767032063637576
6701.T,ADSK,8,-0.0066562039948654,71.875,2.4187143632793413,72.97297297297297,1.416546877725403,32.18390804597701,17.758823207060658
ORCL,6561.T,8,0.0152749166131127,56.66666666666666,3.378063825133947,75.0,2.220129939763012,31.03448275862069,17.720691499945282
6857.T,688256.SS,8,-0.106969938034341,60.0,4.494796045031837,75.60975609756098,2.810983514795016,33.33333333333333,17.66910434760092
NET,6561.T,8,0.0744097604400665,54.16666666666666,3.3579238194704666,77.27272727272727,1.8723589767165485,33.33333333333333,17.64642810609953
AVGO,LRCX,8,-0.1568569982096982,70.0,4.015640906476578,76.47058823529412,1.7484955236761652,36.7816091954023,17.636045618924143
PLTR,SNPS,8,-0.1052663184833271,67.74193548387096,4.339444049838315,76.47058823529412,2.6990635049846547,36.7816091954023,17.61470581759945
0981.HK,EQIX,8,-0.1737805576630192,71.875,3.3942994549952803,72.97297297297297,1.6782608194844784,33.33333333333333,17.52919396890845
NET,MRVL,8,-0.2208971418793233,62.5,5.406511251485926,77.5,2.0525739324755192,36.7816091954023,17.513974172839518
GRMN,MELI,8,-0.0598038747836821,68.96551724137932,2.722542772746832,75.67567567567568,1.1027803506827147,35.63218390804598,17.506287160330228
SAP,MSTR,8,-0.0838185524733607,69.23076923076923,4.0730454721636775,70.27027027027027,1.188943516303527,29.88505747126437,17.399682916598206
EA,XIACF,8,-0.1767001884129219,57.14285714285714,3.816528915720981,72.72727272727273,1.2072674618724195,29.88505747126437,17.25310842341097
DELTA.BK,NOW,8,-0.0989835808055104,73.33333333333333,4.599045758525749,64.1025641025641,3.4287844228169035,25.287356321839084,17.25082686794447
AMD,MSTR,8,-0.0466841859725075,68.75,4.931662001283584,72.97297297297297,2.3908554330013234,34.48275862068966,17.250527370134265
0981.HK,MELI,8,-0.2033082566775172,68.75,3.686530004182637,72.97297297297297,1.7383524677511135,34.48275862068966,17.079948854310324
6701.T,AMD,8,-0.1068407240852143,71.875,4.109698719719121,72.72727272727273,2.35746647118109,35.63218390804598,17.06648400467029
0981.HK,NOW,8,-0.114542828222957,68.75,3.8917727503062696,71.7948717948718,1.8441863442042867,33.33333333333333,17.059847737764173
AVGO,TXN,8,-0.2722492126621745,66.66666666666666,4.34790128791467,75.0,2.0781969181840307,36.7816091954023,17.032817487099855
EQIX,FI,8,-0.060415967037954,68.42105263157895,2.9338784646675484,69.23076923076923,1.0574289843137747,29.88505747126437,16.997514459209004
XYZ,PYPL,8,-0.0653438563932947,68.96551724137932,4.270045686147699,75.75757575757575,2.4005667150601804,39.08045977011494,16.958577901052372
NET,LRCX,8,-0.2113013000054729,70.83333333333334,4.287593020049553,76.47058823529412,1.8438489841654124,40.22988505747127,16.922510985359033
PLTR,MSTR,8,-0.0328861131885097,67.74193548387096,5.02694841193328,72.97297297297297,2.266215351059181,35.63218390804598,16.922477269284578
AVGO,TEL,8,-0.0241713533984241,73.33333333333333,3.2035157932268272,75.86206896551724,1.9077737413265068,40.22988505747127,16.921317535862297
XYZ,ORCL,8,-0.0458217058555968,68.96551724137932,4.285212338269236,75.75757575757575,1.7684990214510805,39.08045977011494,16.901498055695406
KLAC,NXPI,8,-0.1230216631463355,66.66666666666666,4.201782538239157,70.73170731707317,1.5915402114724582,32.18390804597701,16.87858572587759
GRMN,NXPI,8,-0.1443160808446471,65.51724137931035,3.5207806883088786,73.17073170731707,1.152138254613405,34.48275862068966,16.8735171571567
AVGO,ADI,8,-0.1845380260590491,60.0,3.956472114254282,75.0,2.0385465480537857,35.63218390804598,16.85868892404151
2317.TW,GOOG,8,0.0999149987000482,64.28571428571429,2.7562267794729034,72.22222222222221,1.4234880863848764,33.33333333333333,16.847319311937184
BKNG,GRMN,8,-0.2616239489794257,75.67567567567568,2.876317013522246,71.42857142857143,1.1273199978947757,35.63218390804598,16.729135946961968
2317.TW,2454.TW,8,-0.218363538135263,57.14285714285714,4.354338826011655,67.5,2.3164399303424643,26.436781609195403,16.71782081356438
NVDA,MSTR,8,-0.129194985152566,65.625,4.657161562541379,72.97297297297297,1.6357061185103376,35.63218390804598,16.67685125731837
TSM,ORCL,8,0.0074499086548105,73.52941176470588,3.5060829179736706,69.6969696969697,1.9832794859458691,34.48275862068966,16.563138561090724
6857.T,3690.HK,8,-0.1155049708615641,60.0,4.961306799576921,72.5,2.6648150215910595,34.48275862068966,16.56166228549585
ZS,TEL,8,-0.1159999272547714,75.75757575757575,2.629772038444109,72.41379310344827,1.453985511283845,37.93103448275862,16.54853994212554
AVGO,ARM,8,-0.0940920620529138,63.33333333333333,4.284121239301698,75.0,1.5098997652914214,37.93103448275862,16.546504629475653
6701.T,CSU.TO,8,-0.1471660262632807,68.75,2.917984104031621,70.0,2.17079849477706,33.33333333333333,16.541258397456886
AAPL,3690.HK,8,-0.0843706752231531,61.11111111111112,3.2954771663111138,70.0,1.5275652589218691,31.03448275862069,16.533792050053943
TSM,AMD,8,-0.1090373529876221,73.52941176470588,3.928137116876022,69.6969696969697,1.6101441352980863,34.48275862068966,16.514893739019392
KLAC,MSTR,8,-0.0838178797725408,69.6969696969697,4.520669781541792,70.27027027027027,1.676826383427545,34.48275862068966,16.466672875454577
DASH,ADP,8,-0.1911843785404346,63.33333333333333,2.936452668492651,73.68421052631578,1.8498734082390351,36.7816091954023,16.383196762587907
PYPL,0981.HK,8,-0.0500180133057044,61.11111111111112,3.605719092274929,74.19354838709677,1.163797409394968,36.7816091954023,16.38249670160249
TEL,XYZ,9,-0.0780090107035717,82.75862068965517,3.845732504822757,85.18518518518519,1.4365066995179083,36.04651162790697,21.00925597172389
NET,ASML,9,0.036199304742861,73.91304347826086,3.6589613829501233,83.78378378378379,1.9998439689975696,33.72093023255814,20.65056633915347
NET,GRMN,9,0.0070532107509991,82.6086956521739,3.517611644783835,85.71428571428571,1.886911982118368,39.53488372093023,20.412156365018127
ANET,NXPI,9,-0.1281842069776636,71.42857142857143,4.422938034488177,80.0,2.270437122128616,30.23255813953488,20.253471518480207
EBAY,AVGO,9,-0.0613850208080911,76.47058823529412,3.050969257763457,80.0,1.802719260126127,32.55813953488372,19.96094634812384
EQIX,LRCX,9,0.0587713804884021,75.67567567567568,2.8277070660654497,76.47058823529412,1.0155734226183286,27.906976744186046,19.92836574138236
ANET,INTC,9,-0.135956918725944,67.85714285714286,5.037731294214538,77.27272727272727,2.585283849953243,27.906976744186046,19.85467131532884
FTNT,ANET,9,-0.0820821724489105,78.94736842105263,4.404583710951208,75.86206896551724,1.3533042420852393,30.23255813953488,19.52430934382295
0981.HK,AVGO,9,-0.101524078179128,75.0,4.136764276613259,80.0,1.6830542760097422,34.88372093023256,19.37338731063005
NET,MRVL,9,0.0111360014640953,69.56521739130434,4.44809121916164,80.0,2.1198036285608937,33.72093023255814,19.371977152326
CRWD,GRMN,9,-0.0130911079319707,79.48717948717949,3.100627595653767,75.0,1.6794267055105054,30.23255813953488,19.308715080923765
GRMN,TEL,9,0.0034779463928042,78.57142857142857,2.469385638924559,82.14285714285714,1.010724996796928,38.372093023255815,19.288205858079955
NET,HOOD,9,0.0252621826771697,78.26086956521739,4.958045211837534,79.41176470588235,2.0973077926736994,37.2093023255814,19.017678932696437
0981.HK,ANET,9,-0.1603772166399551,75.0,4.6367395436344525,79.3103448275862,1.835850289196603,36.04651162790697,18.946197982832533
BKNG,ANET,9,-0.0440534978021857,77.77777777777779,3.3299854258269224,75.86206896551724,1.1758856952416508,32.55813953488372,18.86401625464387
TEL,TCEHY,9,-0.0540748508361597,68.96551724137932,2.478156238576769,76.92307692307693,1.3168003514767606,31.3953488372093,18.81336854926029
NET,NVDA,9,0.0387903227773416,73.91304347826086,3.915124540701107,81.25,2.1705760557420897,39.53488372093023,18.67623016025069
KLAC,SNOW,9,0.0414331993788967,75.0,2.9713937698148936,77.41935483870968,1.709265004610185,34.88372093023256,18.6473756901238
ANET,TXN,9,-0.1030238028743503,71.42857142857143,4.340997136431852,77.77777777777779,2.7464805830936023,34.88372093023256,18.64627519178422
AVGO,META,9,-0.1099453424159497,65.51724137931035,3.397433131967305,77.5,2.077674691783204,32.55813953488372,18.59294345091864
NET,IFX.DE,9,-0.0648083331937376,65.21739130434783,4.109171422640916,80.0,2.254557136180865,36.04651162790697,18.541757311625396
0981.HK,CSCO,9,-0.0659285838845268,71.875,2.988111043154081,75.0,1.6185864557063123,31.3953488372093,18.526055348788
MSFT,ARM,9,0.1103624444261838,70.96774193548387,2.7829281026435724,77.14285714285715,1.007528825957795,33.72093023255814,18.510228597711745
KLAC,XYZ,9,0.01990635050842,78.125,3.949258354688916,77.77777777777779,1.5229940067154704,37.2093023255814,18.450157430428888
TCEHY,NET,9,-0.0604009409415372,78.37837837837837,3.2597507793761284,75.0,1.4183053045472738,33.72093023255814,18.420593102933623
SHOP,HOOD,9,-0.1302160974470404,76.31578947368422,5.628650613071922,70.58823529411765,3.144148631178417,29.069767441860467,18.39163131422673
ANET,PLTR,9,-0.083816801022792,75.0,4.61486545677135,78.125,1.851765586142116,37.2093023255814,18.380152187915694
NET,AVGO,9,0.011654989841597,78.26086956521739,4.029062367782832,80.0,1.9911731769756156,40.69767441860465,18.333755335846224
MSFT,AVGO,9,0.0603290535121929,77.41935483870968,2.575551184506748,76.66666666666667,1.1501398763255943,36.04651162790697,18.265508318144143
MSTR,NET,9,-0.0374558046485504,80.0,4.819654543700862,75.0,2.4875817945107515,36.04651162790697,18.1939754440787
0981.HK,DASH,9,-0.0755019237187206,75.0,4.012440061920499,76.66666666666667,1.6070159150618837,36.04651162790697,18.18842878263383
TEL,AMZN,9,0.011809654572353,68.96551724137932,2.8050480104945827,76.31578947368422,1.456727135669406,33.72093023255814,18.1715641927263
ANET,TEL,9,-0.0863459517952913,78.57142857142857,3.4471067052683173,78.57142857142857,1.7605505038825044,39.53488372093023,18.143602125984373
ANET,ARM,9,-0.0668802985500642,71.42857142857143,4.375127617195229,77.14285714285715,1.872409000410679,36.04651162790697,18.134282939663358
ORCL,PDD,9,-0.066447487567286,68.96551724137932,3.518225182598279,75.0,1.9302657452538368,32.55813953488372,18.13284199991511
0981.HK,SPOT,9,-0.243625609245824,65.625,4.2852856635951495,73.80952380952381,1.6936928032251144,30.23255813953488,18.07755498718337
TEL,ADI,9,0.087013361061935,65.51724137931035,2.43667316588966,76.92307692307693,1.029295417408959,33.72093023255814,18.07394941550316
PYPL,TEL,9,-0.0107989198260438,77.14285714285715,2.7987619256819083,75.0,1.20980450296901,34.88372093023256,18.048397348612223
BKNG,META,9,-0.0069495376554616,66.66666666666666,2.701145151060356,72.5,1.1691512959122423,29.069767441860467,17.980196923203717
0981.HK,PANW,9,-0.1107296155773993,75.0,3.7689301907148898,75.0,1.525565788919478,34.88372093023256,17.96171523484158
CDNS,TEL,9,-0.0589216481888069,78.78787878787878,2.781436202803881,75.0,1.6001366990480774,36.04651162790697,17.91862903172613
IBM,TEL,9,0.0007813161457946,75.0,2.564745843401389,75.0,1.17266117318784,34.88372093023256,17.896881062126624
PYPL,AVGO,9,-0.0239595300906802,77.14285714285715,3.1304484342205328,73.33333333333333,1.4681513447829502,33.72093023255814,17.890491764041187
MU,INTC,9,-0.111869277356864,60.60606060606061,4.7150554786203145,72.72727272727273,2.5982008711419478,29.069767441860467,17.863505074747412
CDNS,SNOW,9,-0.0658046016996626,75.75757575757575,3.216104488636609,74.19354838709677,2.0901674516236874,34.88372093023256,17.830356725518502
NET,META,9,-0.0269605156982555,65.21739130434783,3.6285909888959216,77.5,1.8978476664338977,36.04651162790697,17.804965492774706
AVGO,SNOW,9,-0.0594593652303835,72.41379310344827,3.3688381175498647,77.41935483870968,2.0684549468207414,38.372093023255815,17.722434277257953
DASH,CPNG,9,-0.1136957155428891,75.86206896551724,3.037528170177197,72.97297297297297,1.826477684439804,33.72093023255814,17.71465060317916
AVGO,MRVL,9,-0.091856868304998,65.51724137931035,4.524088889874632,75.0,2.170169221282104,33.72093023255814,17.714372115167656
TEL,AVGO,9,0.0446132562947446,75.86206896551724,3.081528362732953,76.66666666666667,1.6655844194333742,38.372093023255815,17.71355039142044
DASH,CRM,10,-0.1773240829889266,72.41379310344827,3.185064683939229,81.08108108108108,1.6278659443139534,30.58823529411765,20.395116613651368
6701.T,1024.HK,10,-0.1781962483193308,74.19354838709677,4.102632106592684,81.25,1.8032116451185023,31.76470588235294,20.355720623185547
EQIX,HOOD,10,-0.0565748016337743,75.67567567567568,4.049154069755906,76.47058823529412,1.2237003933000934,27.058823529411764,20.169365061875677
ZS,CRM,10,-0.1197883014526091,71.875,2.77606061352713,75.67567567567568,1.3725160685647375,30.58823529411765,18.843445724267703
PDD,HOOD,10,-0.2510408577509881,75.0,4.698401761291837,73.52941176470588,1.9294720700850376,29.411764705882355,18.836772235662163
EBAY,GRMN,10,-0.0432905193772603,82.35294117647058,2.592003140863452,75.0,1.348699089207062,32.94117647058823,18.818741643723367
TEL,ADP,10,-0.0270367176828112,75.86206896551724,1.8059385730114208,75.67567567567568,1.121925818014636,31.76470588235294,18.789840883129287
BABA,TSLA,10,-0.1504582507491632,72.97297297297297,4.695473425965608,71.05263157894737,1.8239951082016213,27.058823529411764,18.57027879649855
NET,ADYEN.AS,10,0.0140398867246857,69.56521739130434,3.5781723519059407,78.94736842105263,2.188503960362674,36.47058823529412,18.42800307576393
ADP,GRMN,10,-0.0734757086762885,77.77777777777779,1.9815014859019917,75.0,0.745244248208966,32.94117647058823,18.422184528903223
XIACF,GRMN,10,-0.1389263604585774,77.77777777777779,3.5648566952895826,67.85714285714286,2.9360243267868733,25.882352941176475,18.326380947822194
DASH,GRMN,10,-0.0611269696875318,75.86206896551724,3.3072176217850697,78.57142857142857,1.702963517014092,38.82352941176471,18.12173053838101
CDNS,GRMN,10,-0.0269223371480158,78.78787878787878,3.056845917896019,75.0,1.5238488200754712,35.294117647058826,18.102859185810527
DASH,MU,10,-0.1366948661088088,68.96551724137932,4.202711676438228,77.14285714285715,1.5766999408211024,35.294117647058826,18.08608235411124
EBAY,AAPL,10,-0.1215533566059896,76.47058823529412,2.927908300300225,71.42857142857143,1.8473500034378916,30.58823529411765,18.028795679266945
1024.HK,ADYEN.AS,10,-0.2051594539795544,75.0,4.12496954679245,71.05263157894737,2.6676574946562237,30.58823529411765,17.948716119994923
DASH,ADI,10,-0.0525614665590095,68.96551724137932,3.357819149368852,74.35897435897436,1.7004939235887802,32.94117647058823,17.843197810048846
INTU,HOOD,10,0.1138309998715922,71.875,3.4781808535856378,73.52941176470588,0.8581121727856109,32.94117647058823,17.771722314334298
0981.HK,RDDT,10,-0.2061109144661823,68.75,5.473738115877392,71.7948717948718,1.544323328928593,30.58823529411765,17.701425539621802
6857.T,MSTR,10,-0.090085408505786,72.41379310344827,4.962870897351654,74.28571428571429,2.4993537644876587,35.294117647058826,17.66759694368459
XYZ,DDOG,10,0.0600445286471638,71.42857142857143,3.26006814362082,75.0,1.5786825211245283,35.294117647058826,17.664064576940373
DASH,KLAC,10,-0.0990846535879363,72.41379310344827,3.763703844727774,75.75757575757575,1.6014907865037835,36.47058823529412,17.655433523266375
XYZ,CRM,10,-0.0322213662476831,67.85714285714286,3.362334115948089,75.67567567567568,2.143483061994703,35.294117647058826,17.653952762215628
XYZ,SHOP,10,0.0229802936581816,67.85714285714286,4.14445871575161,75.67567567567568,1.4513841997988568,35.294117647058826,17.639029562460333
TCEHY,NET,10,-0.1588481430719046,81.08108108108108,3.419165508262445,70.83333333333334,1.4947630734935866,32.94117647058823,17.614423574472298
CDNS,XYZ,10,-0.0728766639533662,81.81818181818183,3.851447929721212,73.07692307692307,1.576579733913693,36.47058823529412,17.53864259868474
EBAY,TXN,10,-0.1406441561122166,76.47058823529412,3.590368073306257,69.44444444444444,1.772218601655597,30.58823529411765,17.503520637239884
DASH,DDOG,10,-0.128380998636078,68.96551724137932,3.4947360793366813,75.0,1.5998489264921325,35.294117647058826,17.465999072092547
ZS,ARM,10,-0.0236951746804622,75.0,3.5610773808154903,71.42857142857143,1.34388044802506,32.94117647058823,17.412018177780947
MSFT,GRMN,10,0.0769548535461104,77.41935483870968,1.9177821666307364,75.0,0.7879727618032916,37.64705882352941,17.38251879845906
SONY,CDNS,10,-0.018615562100671,73.17073170731707,2.764077236433197,68.75,1.701796830920819,29.411764705882355,17.34796476748814
CDNS,PYPL,10,-0.0935976019355416,75.75757575757575,3.088643545942712,71.875,1.6902743929329618,34.11764705882353,17.311117112065286
0981.HK,HOOD,10,-0.1616599275945349,75.0,5.193417055697337,70.58823529411765,1.6457627734260782,32.94117647058823,17.25479065003898
XYZ,CSU.TO,10,-0.0391756761177698,67.85714285714286,2.97941071483228,74.35897435897436,1.9003618054656737,35.294117647058826,17.246489169199798
DASH,TSLA,10,-0.0352517498834693,65.51724137931035,4.37335364452716,73.68421052631578,1.4575691154456405,35.294117647058826,16.93533247635675
AVGO,NXPI,10,0.0225791663937996,65.51724137931035,3.2711314075242197,72.5,1.7238004228977268,34.11764705882353,16.86179598484416
CDNS,TEL,10,-0.0660665300596766,78.78787878787878,2.8761904755947683,71.42857142857143,1.6295414176119671,36.47058823529412,16.846782280902616
GRMN,0981.HK,10,0.0902273458908807,64.28571428571429,3.088415879577492,77.41935483870968,1.1236316053000297,40.0,16.760490483845462
PDD,CPNG,10,-0.168170138221179,69.44444444444444,3.176707990801918,69.44444444444444,1.815953376862093,31.76470588235294,16.75823623679718
ADBE,PYPL,10,-0.0454121549174687,73.68421052631578,2.52194204977174,68.75,0.956893375224374,31.76470588235294,16.757962958089834
INTU,CDNS,10,0.0269409438728306,71.875,2.640525109267277,71.875,1.2138408108612848,35.294117647058826,16.757142625526285
NTES,HOOD,10,-0.2170531905923058,71.7948717948718,4.679521651001052,67.64705882352942,1.8641752740460156,30.58823529411765,16.747958884502555
INTU,TEL,10,0.0472668359255505,78.125,2.0631988969093387,71.42857142857143,0.9733457291380542,36.47058823529412,16.728592687554766
NET,CRM,10,0.0475847966913581,65.21739130434783,3.2746398560383345,75.67567567567568,1.9247392372332368,38.82352941176471,16.68393886356173
1024.HK,6857.T,10,-0.2394153270294559,75.0,5.644958746507505,70.0,2.575759720375394,35.294117647058826,16.657808223841577
CRWV,2317.TW,10,-0.0301019101845125,62.5,7.526169583289281,67.74193548387096,7.059729778689339,31.76470588235294,16.618476866267763
XYZ,GRMN,10,0.003456968228338,75.0,3.547213403502401,75.0,1.874868889302252,41.17647058823529,16.601092343015196
ZS,SU.PA,10,0.003300416842983,65.625,2.78873444166475,69.76744186046511,1.4487916259218607,31.76470588235294,16.589836187405744
AMD,XYZ,10,-0.0363672480317817,77.41935483870968,4.4053753118959,73.07692307692307,2.0926352746990293,40.0,16.547943210525933
SE,6857.T,10,-0.0151209087591601,74.28571428571429,4.35650854866758,70.0,1.6525873684381494,35.294117647058826,16.516320872351617
